Variable / Field Name,Form Name,Section Header,Field Type,Field Label,"Choices, Calculations, OR Slider Labels",Field Note,Text Validation Type OR Show Slider Number,Text Validation Min,Text Validation Max,Identifier?,Branching Logic (Show field only if...),Required Field?,Custom Alignment,Question Number (surveys only),Matrix Group Name,Matrix Ranking?,Field Annotation
procedure_name,cmr,,text,Procedure Name,,,,,,,,,,,,,
date_cmr,cmr,,text,Date of baseline CMR exam,,,date_dmy,,,,,,,,,,
dx,cmr,,dropdown,Diagnosis,"1, Normal heart | 6, Athlete's heart | 2, HCM | 3, DCM | 4, ACM | 5, Other cardiomyopathy | 7, Ischemic cardiomyopathy",,,,,,,,,,,,
dx_detail,cmr,,text,Diagnosis detail,,,,,,,,,,,,,
akinesia_cmr,cmr,Regional Wall Motion,yesno,Akinesia,,,,,,,,,,,,, @DEFAULT='0'
akinesia_seg_cmr,cmr,,checkbox,Akinesia Segments,"1, basal anterior | 2, basal anteroseptal | 3, basal inferoseptal | 4, basal inferior | 5, basal inferolateral | 6, basal anterolateral | 7, mid anterior | 8, mid anteroseptal | 9, mid inferoseptal | 10, mid inferior | 11, mid inferolateral | 12, mid anterolateral | 13, apical anterior | 14, apical septal | 15, apical inferior | 16, apical lateral | 17, apex",,,,,,[akinesia_cmr] = '1',,,,,,
hypokinesia_cmr,cmr,,yesno,Hypokinesia,,,,,,,,,,,,, @DEFAULT='0'
hypokinesia_seg_cmr,cmr,,checkbox,Hypokinesia Segments,"1, basal anterior | 2, basal anteroseptal | 3, basal inferoseptal | 4, basal inferior | 5, basal inferolateral | 6, basal anterolateral | 7, mid anterior | 8, mid anteroseptal | 9, mid inferoseptal | 10, mid inferior | 11, mid inferolateral | 12, mid anterolateral | 13, apical anterior | 14, apical septal | 15, apical inferior | 16, apical lateral | 17, apex",,,,,,[hypokinesia_cmr] = '1',,,,,,
dyskinesia_cmr,cmr,,yesno,Dyskinesia,,,,,,,,,,,,, @DEFAULT='0'
dyskinesia_seg_cmr,cmr,,checkbox,Dyskinesia Segments,"1, basal anterior | 2, basal anteroseptal | 3, basal inferoseptal | 4, basal inferior | 5, basal inferolateral | 6, basal anterolateral | 7, mid anterior | 8, mid anteroseptal | 9, mid inferoseptal | 10, mid inferior | 11, mid inferolateral | 12, mid anterolateral | 13, apical anterior | 14, apical septal | 15, apical inferior | 16, apical lateral | 17, apex",,,,,,[dyskinesia_cmr] = '1',,,,,,
aneurysm_cmr,cmr,,yesno,Aneurysm,,,,,,,,,,,,, @DEFAULT='0'
aneurysm_seg_cmr,cmr,,checkbox,Aneurysm Segments,"1, basal anterior | 2, basal anteroseptal | 3, basal inferoseptal | 4, basal inferior | 5, basal inferolateral | 6, basal anterolateral | 7, mid anterior | 8, mid anteroseptal | 9, mid inferoseptal | 10, mid inferior | 11, mid inferolateral | 12, mid anterolateral | 13, apical anterior | 14, apical septal | 15, apical inferior | 16, apical lateral | 17, apex",,,,,,[aneurysm_cmr] = '1',,,,,,
thrombus_cmr,cmr,,yesno,LV thrombus ,,,,,,,,,,,,, @DEFAULT='0'
thrombus_dim_cmr,cmr,,text,Thrombus max dimensions,,,number,,,,[thrombus_cmr] = '1',,,,,,
thrombus_text_cmr,cmr,,notes,Thrombus free text,,,,,,,[thrombus_cmr] = '1',,,,,,
rvwma_cmr,cmr,,yesno,RV regional wall motion abnormalities ,,,,,,,,,,,,, @DEFAULT='0'
rvwma1,cmr,RV RWMA,checkbox,1 basal anterior free wall,"2, hypokinetic | 3, akinetic | 4, dyskinetic",,,,,,[rvwma_cmr] = '1',,,,rvwma_location_cmr,,
rvwma2,cmr,,checkbox,2 basal lateral free wall,"2, hypokinetic | 3, akinetic | 4, dyskinetic",,,,,,[rvwma_cmr] = '1',,,,rvwma_location_cmr,,
rvwma3,cmr,,checkbox,3 basal inferior wall,"2, hypokinetic | 3, akinetic | 4, dyskinetic",,,,,,[rvwma_cmr] = '1',,,,rvwma_location_cmr,,
rvwma4,cmr,,checkbox,4 mid anterior free wall,"2, hypokinetic | 3, akinetic | 4, dyskinetic",,,,,,[rvwma_cmr] = '1',,,,rvwma_location_cmr,,
rvwma5,cmr,,checkbox,5 mid lateral free wall,"2, hypokinetic | 3, akinetic | 4, dyskinetic",,,,,,[rvwma_cmr] = '1',,,,rvwma_location_cmr,,
rvwma6,cmr,,checkbox,6 mid inferior wall,"2, hypokinetic | 3, akinetic | 4, dyskinetic",,,,,,[rvwma_cmr] = '1',,,,rvwma_location_cmr,,
rvwma7,cmr,,checkbox,7 apex,"2, hypokinetic | 3, akinetic | 4, dyskinetic",,,,,,[rvwma_cmr] = '1',,,,rvwma_location_cmr,,
rvwma8,cmr,,checkbox,8 RVOT,"2, hypokinetic | 3, akinetic | 4, dyskinetic",,,,,,[rvwma_cmr] = '1',,,,rvwma_location_cmr,,
lge_cmr,cmr,Tissue Characterization,yesno,LGE presence ,,,,,,,,y,,,,,
lge1,cmr,LGE Location,checkbox, basal anterior,"1, Sub-endo | 2, Mid-wall | 3, Sub-epi | 4, Transmural | 5, Mild enhancent",,,,,,[lge_cmr] = '1',,,,lge_location_cmr,,
lge2,cmr,,checkbox, basal anteroseptal,"1, Sub-endo | 2, Mid-wall | 3, Sub-epi | 4, Transmural | 5, Mild enhancent",,,,,,[lge_cmr] = '1',,,,lge_location_cmr,,
lge3,cmr,,checkbox, basal inferoseptal,"1, Sub-endo | 2, Mid-wall | 3, Sub-epi | 4, Transmural | 5, Mild enhancent",,,,,,[lge_cmr] = '1',,,,lge_location_cmr,,
lge4,cmr,,checkbox, basal inferior,"1, Sub-endo | 2, Mid-wall | 3, Sub-epi | 4, Transmural | 5, Mild enhancent",,,,,,[lge_cmr] = '1',,,,lge_location_cmr,,
lge5,cmr,,checkbox, basal inferolateral,"1, Sub-endo | 2, Mid-wall | 3, Sub-epi | 4, Transmural | 5, Mild enhancent",,,,,,[lge_cmr] = '1',,,,lge_location_cmr,,
lge6,cmr,,checkbox, basal anterolateral,"1, Sub-endo | 2, Mid-wall | 3, Sub-epi | 4, Transmural | 5, Mild enhancent",,,,,,[lge_cmr] = '1',,,,lge_location_cmr,,
lge7,cmr,,checkbox, mid anterior,"1, Sub-endo | 2, Mid-wall | 3, Sub-epi | 4, Transmural | 5, Mild enhancent",,,,,,[lge_cmr] = '1',,,,lge_location_cmr,,
lge8,cmr,,checkbox, mid anteroseptal,"1, Sub-endo | 2, Mid-wall | 3, Sub-epi | 4, Transmural | 5, Mild enhancent",,,,,,[lge_cmr] = '1',,,,lge_location_cmr,,
lge9,cmr,,checkbox, mid inferoseptal,"1, Sub-endo | 2, Mid-wall | 3, Sub-epi | 4, Transmural | 5, Mild enhancent",,,,,,[lge_cmr] = '1',,,,lge_location_cmr,,
lge10,cmr,,checkbox, mid inferior,"1, Sub-endo | 2, Mid-wall | 3, Sub-epi | 4, Transmural | 5, Mild enhancent",,,,,,[lge_cmr] = '1',,,,lge_location_cmr,,
lge11,cmr,,checkbox, mid inferolateral,"1, Sub-endo | 2, Mid-wall | 3, Sub-epi | 4, Transmural | 5, Mild enhancent",,,,,,[lge_cmr] = '1',,,,lge_location_cmr,,
lge12,cmr,,checkbox, mid anterolateral,"1, Sub-endo | 2, Mid-wall | 3, Sub-epi | 4, Transmural | 5, Mild enhancent",,,,,,[lge_cmr] = '1',,,,lge_location_cmr,,
lge13,cmr,,checkbox, apical anterior,"1, Sub-endo | 2, Mid-wall | 3, Sub-epi | 4, Transmural | 5, Mild enhancent",,,,,,[lge_cmr] = '1',,,,lge_location_cmr,,
lge14,cmr,,checkbox, apical septal,"1, Sub-endo | 2, Mid-wall | 3, Sub-epi | 4, Transmural | 5, Mild enhancent",,,,,,[lge_cmr] = '1',,,,lge_location_cmr,,
lge15,cmr,,checkbox, apical inferior,"1, Sub-endo | 2, Mid-wall | 3, Sub-epi | 4, Transmural | 5, Mild enhancent",,,,,,[lge_cmr] = '1',,,,lge_location_cmr,,
lge16,cmr,,checkbox, apical lateral,"1, Sub-endo | 2, Mid-wall | 3, Sub-epi | 4, Transmural | 5, Mild enhancent",,,,,,[lge_cmr] = '1',,,,lge_location_cmr,,
lge17,cmr,,checkbox, apex,"1, Sub-endo | 2, Mid-wall | 3, Sub-epi | 4, Transmural | 5, Mild enhancent",,,,,,[lge_cmr] = '1',,,,lge_location_cmr,,
lge_mass_cmr,cmr,,text,LGE (g) ,,,number,,,,[lge_cmr] = '1',,,,,,
lge_mass_per_cmr,cmr,,calc,LGE mass (%),"round([lge_mass_cmr]/[lv_mass_cmr]*100, 2)",,,,,,[lge_cmr] = '1',,,,,,
rvlge_cmr,cmr,,yesno,RV LGE,,,,,,,,,,,,, @DEFAULT='0'
rvlge_location_cmr,cmr,,checkbox,RV LGE Location,"1, basal anterior | 2, basal lateral | 3, basal inferior | 4, mid anterior | 5, mid lateral | 6, mid inferior | 7, apical | 8, RVOT",,,,,,[rvlge_cmr] = '1',,,,,,
global_t1_cmr,cmr,,text,Global Native T1,,off-set epi ed endo 15%,,,,,,,,,,,
t1_mapping_elevated_cmr,cmr,,yesno,Presence of elevated T1 mapping foci,,,,,,,,,,,,, @DEFAULT='0'
high_t1_location_cmr,cmr,,checkbox,Segments with high native T1,"1, basal anterior | 2, basal anteroseptal | 3, basal inferoseptal | 4, basal inferior | 5, basal inferolateral | 6, basal anterolateral | 7, mid anterior | 8, mid anteroseptal | 9, mid inferoseptal | 10, mid inferior | 11, mid inferolateral | 12, mid anterolateral | 13, apical anterior | 14, apical septal | 15, apical inferior | 16, apical lateral | 17, apex",,,,,,[t1_mapping_elevated_cmr] = '1',,,,,,
global_ca_t1,cmr,,text,Global Ca T1,,,number,,,,,,,,,,
global_ecv,cmr,,text,Global ECV,,,number,,,,,,,,,,
stir_oedema_presence_cmr,cmr,,yesno,STIR T2 Oedema presence,,,,,,,,,,,,,
oedema1,cmr,STIR T2 Oedema,checkbox, basal anterior,"1, sub-endo | 2, mid-wall | 3, sub-epi | 4, transmural",,,,,,[stir_oedema_presence_cmr] = '1',,,,stir_oedema_cmr,,
oedema2,cmr,,checkbox, basal anteroseptal,"1, sub-endo | 2, mid-wall | 3, sub-epi | 4, transmural",,,,,,[stir_oedema_presence_cmr] = '1',,,,stir_oedema_cmr,,
oedema3,cmr,,checkbox, basal inferoseptal,"1, sub-endo | 2, mid-wall | 3, sub-epi | 4, transmural",,,,,,[stir_oedema_presence_cmr] = '1',,,,stir_oedema_cmr,,
oedema4,cmr,,checkbox, basal inferior,"1, sub-endo | 2, mid-wall | 3, sub-epi | 4, transmural",,,,,,[stir_oedema_presence_cmr] = '1',,,,stir_oedema_cmr,,
oedema5,cmr,,checkbox, basal inferolateral,"1, sub-endo | 2, mid-wall | 3, sub-epi | 4, transmural",,,,,,[stir_oedema_presence_cmr] = '1',,,,stir_oedema_cmr,,
oedema6,cmr,,checkbox, basal anterolateral,"1, sub-endo | 2, mid-wall | 3, sub-epi | 4, transmural",,,,,,[stir_oedema_presence_cmr] = '1',,,,stir_oedema_cmr,,
oedema7,cmr,,checkbox, mid anterior,"1, sub-endo | 2, mid-wall | 3, sub-epi | 4, transmural",,,,,,[stir_oedema_presence_cmr] = '1',,,,stir_oedema_cmr,,
oedema8,cmr,,checkbox, mid anteroseptal,"1, sub-endo | 2, mid-wall | 3, sub-epi | 4, transmural",,,,,,[stir_oedema_presence_cmr] = '1',,,,stir_oedema_cmr,,
oedema9,cmr,,checkbox, mid inferoseptal,"1, sub-endo | 2, mid-wall | 3, sub-epi | 4, transmural",,,,,,[stir_oedema_presence_cmr] = '1',,,,stir_oedema_cmr,,
oedema10,cmr,,checkbox, mid inferior,"1, sub-endo | 2, mid-wall | 3, sub-epi | 4, transmural",,,,,,[stir_oedema_presence_cmr] = '1',,,,stir_oedema_cmr,,
oedema11,cmr,,checkbox, mid inferolateral,"1, sub-endo | 2, mid-wall | 3, sub-epi | 4, transmural",,,,,,[stir_oedema_presence_cmr] = '1',,,,stir_oedema_cmr,,
oedema12,cmr,,checkbox, mid anterolateral,"1, sub-endo | 2, mid-wall | 3, sub-epi | 4, transmural",,,,,,[stir_oedema_presence_cmr] = '1',,,,stir_oedema_cmr,,
oedema13,cmr,,checkbox, apical anterior,"1, sub-endo | 2, mid-wall | 3, sub-epi | 4, transmural",,,,,,[stir_oedema_presence_cmr] = '1',,,,stir_oedema_cmr,,
oedema14,cmr,,checkbox, apical septal,"1, sub-endo | 2, mid-wall | 3, sub-epi | 4, transmural",,,,,,[stir_oedema_presence_cmr] = '1',,,,stir_oedema_cmr,,
oedema15,cmr,,checkbox, apical inferior,"1, sub-endo | 2, mid-wall | 3, sub-epi | 4, transmural",,,,,,[stir_oedema_presence_cmr] = '1',,,,stir_oedema_cmr,,
oedema16,cmr,,checkbox, apical lateral,"1, sub-endo | 2, mid-wall | 3, sub-epi | 4, transmural",,,,,,[stir_oedema_presence_cmr] = '1',,,,stir_oedema_cmr,,
oedema17,cmr,,checkbox, apex,"1, sub-endo | 2, mid-wall | 3, sub-epi | 4, transmural",,,,,,[stir_oedema_presence_cmr] = '1',,,,stir_oedema_cmr,,
global_t2_cmr,cmr,,text,Global T2,,,,,,,,,,,,,
t2_mapping_elevated_cmr,cmr,,yesno,Presence of elevated T2 mapping foci,,,,,,,,,,,,,
high_t2_location_cmr,cmr,,checkbox,Segments with high T2,"1, basal anterior | 2, basal anteroseptal | 3, basal inferoseptal | 4, basal inferior | 5, basal inferolateral | 6, basal anterolateral | 7, mid anterior | 8, mid anteroseptal | 9, mid inferoseptal | 10, mid inferior | 11, mid inferolateral | 12, mid anterolateral | 13, apical anterior | 14, apical septal | 15, apical inferior | 16, apical lateral | 17, apex",,,,,,[t2_mapping_elevated_cmr] = '1',,,,,,
pericardial_oedema_cmr,cmr,Pericardium,yesno,pericardial oedema T2+,,,,,,,,,,,,,
pericardial_lge_cmr,cmr,,yesno,pericardial LGE+,,,,,,,,,,,,,
vers_peri_cmr,cmr,,yesno,pericardial effusion ,,,,,,,,,,,,,
ver_per_dim_cmr,cmr,,text,pericardial effusion  max dimensions,,,number,,,,[vers_peri_cmr] = '1',,,,,,
comments_cmr,cmr,,notes,comments       ,,,,,,,,,,,,,
hr_cmr,cmr,,text,Heart Rate,,,number,,,,,,,,,,
lvedv_cmr,cmr,Ventricular and Atrial Volumes and Function,text,LVEDV (ml),,,number,,,,,,,,,,
lvesv_cmr,cmr,,text,LVESV (ml),,,number,,,,,,,,,,
lvsv_cmr,cmr,,text,LVSV (ml)        ,,,number,,,,,,,,,,
lvef_cmr,cmr,,text,LVEF (%)      ,,,number,,,,,,,,,,
lvco_cmr,cmr,,calc,LVCO (l/min),"round([hr_cmr]*[lvsv_cmr]/1000, 2)",,,,,,,,,,,,
lvci_cmr,cmr,,calc,LVCI (l/min/m2),"round([lvco_cmr]/[bsa], 2)",,,,,,,,,,,,
lv_mass_cmr,cmr,,text,LV mass (g),,,number,,,,,,,,,,
lvedvi_cmr,cmr,,calc,LVEDVi (ml/m2)          ,"round([lvedv_cmr]/[bsa], 2)",,,,,,,,,,,,
lvesvi_cmr,cmr,,calc,LVESVi (ml/m2)          ,"round([lvesv_cmr]/[bsa], 2)",,,,,,,,,,,,
lvsvi_cmr,cmr,,calc,LVSVi (ml/m2),"round([lvsv_cmr]/[bsa],2)",,,,,,,,,,,,
lvmi_cmr,cmr,,calc,LV mass index (g/m2)        ,"round([lv_mass_cmr]/[bsa], 2)",,,,,,,,,,,,
rvedv_cmr,cmr,,text,RVEDV (ml),,,number,,,,,,,,,,
rvesv_cmr,cmr,,text,RVESV (ml),,,number,,,,,,,,,,
rvsv_cmr,cmr,,text,RVSV (ml)        ,,,number,,,,,,,,,,
rvef_cmr,cmr,,text,RVEF (%)      ,,,number,,,,,,,,,,
rvco_cmr,cmr,,calc,RVCO (l/min),"round([hr_cmr]*[rvsv_cmr]/1000, 2)",,,,,,,,,,,,
rvci_cmr,cmr,,calc,RVCI (l/min/m2),"round([rvco_cmr]/[bsa], 2)",,,,,,,,,,,,
rvedvi_cmr,cmr,,calc,RVEDVi (ml/m2)          ,"round([rvedv_cmr]/[bsa], 2)",,,,,,,,,,,,
rvesvi_cmr,cmr,,calc,RVESVi (ml/m2)          ,"round([rvesv_cmr]/[bsa], 2)",,,,,,,,,,,,
rvsvi_cmr,cmr,,calc,RVSVi (ml/m2),"round([rvsv_cmr]/[bsa], 2)",,,,,,,,,,,,
mapseinf_cmr,cmr,,text,MAPSE Inferior,,,,,,,,,,,,,
mapseant_cmr,cmr,,text,MAPSE Anterior,,,,,,,,,,,,,
mapselat_cmr,cmr,,text,MAPSE Lateral,,,,,,,,,,,,,
mapsesep_cmr,cmr,,text,MAPSE Septal,,,,,,,,,,,,,
tapse_cmr,cmr,,text,TAPSE,,,,,,,,,,,,,
min_la_vol_cmr,cmr,,text,Min LA Volume,,,,,,,,,,,,,
max_la_vol_cmr,cmr,,text,Max LA Volume,,,,,,,,,,,,,
min_la_vol_index_cmr,cmr,,calc,Min LA Vol/BSA,"round([min_la_vol_cmr]/[bsa], 2)",,,,,,,,,,,,
max_la_vol_index_cmr,cmr,,calc,Max LA Vol/BSA,"round([max_la_vol_cmr]/[bsa], 2)",,,,,,,,,,,,
la_ef_cmr,cmr,,text,LA EF (%),,,,,,,,,,,,,
sax_gcs_cmr,cmr,Strain Module,text,SAX Global Circumferential Strain,,,,,,,,,,,,,
sax_grs_cmr,cmr,,text,SAX Global Radial Strain,,,,,,,,,,,,,
lax_gls_cmr,cmr,,text,LAX Global Longitudinal Strain,,,,,,,,,,,,,
lax_grs_cmr,cmr,,text,LAX Global Radial Strain,,,,,,,,,,,,,
total_forward_volume_ao_cmr,cmr,Flow 2D - Systemic Flow<br><br>,text,Total Forward Volume,,,number,,,,,,,,,,
total_backward_volume_ao_cmr,cmr,,text,Total Backward Volume,,,,,,,,,,,,,
total_volume_ao_cmr,cmr,,text,Total Volume,,,,,,,,,,,,,
regurgitation_fraction_ao_cmr,cmr,,text,Regurgitation Fraction,,,,,,,,,,,,,
vol_min_ao_cmr,cmr,,text,Vol/min,,,,,,,,,,,,,
max_pressure_gradient_ao_cmr,cmr,,text,Max Pressure Gradient,,,,,,,,,,,,,
mean_pressure_gradient_ao_cmr,cmr,,text,Mean Pressure Gradient,,,,,,,,,,,,,
maximum_velocity_ao_cmr,cmr,,text,Maximum Velocity (1x1 px),,,,,,,,,,,,,
mr_cmr,cmr,,yesno,mitral regurgitation,,,,,,,,,,,,,
mr_fraction_cmr,cmr,,text,mitral regurgitant fraction,,,number,,,,[mr_cmr] = '1',,,,,,
mr_vol_cmr,cmr,,text,mitral regurgitant volume,,,number,,,,[mr_cmr] = '1',,,,,,
total_forward_volume_pa_cmr,cmr,Flow 2D - Pulmonary Flow,text,Total Forward Volume,,,number,,,,,,,,,,
total_backward_volume_pa_cmr,cmr,,text,Total Backward Volume,,,,,,,,,,,,,
total_volume_pa_cmr,cmr,,text,Total Volume,,,,,,,,,,,,,
regurgitation_fraction_pa_cmr,cmr,,text,Regurgitation Fraction,,,,,,,,,,,,,
vol_min_pa_cmr,cmr,,text,Vol/min,,,,,,,,,,,,,
max_pressure_gradient_pa_cmr,cmr,,text,Max Pressure Gradient,,,,,,,,,,,,,
mean_pressure_gradient_pa_cmr,cmr,,text,Mean Pressure Gradient,,,,,,,,,,,,,
maximum_velocity_pa_cmr,cmr,,text,Maximum Velocity (1x1 px),,,,,,,,,,,,,
tr_cmr,cmr,,yesno,Tricuspid regurgitation,,,,,,,,,,,,,
tr_fraction_cmr,cmr,,text,Tricuspid regurgitant fraction,,,number,,,,[tr_cmr] = '1',,,,,,
tr_vol_cmr,cmr,,text,Tricuspid regurgitant volume,,,number,,,,[tr_cmr] = '1',,,,,,
qp_qs_cmr,cmr,,text,Qp/Qs Volume,,,,,,,,,,,,,